{"l1":[1.0,56.0,32.20000076293945],"l2":[],"l3":[],"l4":[],"l5":[2.0,5.0,1.0,23.200000762939453],"l6":[]}